steps, time(s), memory(MB)
0, 2.4017E-5, 1.0634613037109375
1000, 0.138682135, 5.5701904296875
2000, 0.183611047, 11.074356079101562
3000, 0.225887595, 17.071617126464844
4000, 0.274772019, 22.56970977783203
5000, 0.316782625, 19.56555938720703
6000, 0.358197814, 16.56707000732422
7000, 0.399233928, 13.06536865234375
8000, 0.442871735, 10.06536865234375
9000, 0.485342982, 53.56732177734375
10000, 0.526569501, 41.567237854003906
