steps, time(s), memory(MB)
0, 0.026018413, 1.2124557495117188
1000, 0.078082081, 8.003738403320312
2000, 0.098311805, 21.505691528320312
3000, 0.116195684, 1.9758758544921875
4000, 0.132954085, 15.477828979492188
5000, 0.152255745, 28.975875854492188
6000, 0.16509617, 4.475517272949219
7000, 0.175420418, 17.97356414794922
8000, 0.185817965, 31.47551727294922
9000, 0.196419811, 6.4604034423828125
10000, 0.206759308, 19.958450317382812
