#tm, #states, #transitions, steps, time(s), memory(MB)
2, 16, 256, 100, 0.047572967, 2.0527877807617188
3, 64, 4096, 100, 0.130784617, 13.251144409179688
4, 256, 65536, 100, 1.529053408, 123.54774475097656
5, 1024, 1048576, 100, 14.719405206, 1743.5477447509766
